{
  "backbone.0": {
    "min": 0.0,
    "max": 1.0
  },
  "backbone.1": {
    "min": 0.0,
    "max": 3.68781925201416
  },
  "backbone.2": {
    "min": 0.0,
    "max": 3.68781925201416
  },
  "backbone.3": {
    "min": 0.0,
    "max": 2.9664650678634645
  },
  "backbone.5": {
    "min": 0.0,
    "max": 2.9664650678634645
  },
  "backbone.6": {
    "min": 0.0,
    "max": 1.560349440574646
  },
  "backbone.7": {
    "min": 0.0,
    "max": 1.560349440574646
  },
  "backbone.8": {
    "min": 0.0,
    "max": 1.8248757815361023
  },
  "backbone.10": {
    "min": 0.0,
    "max": 1.8248757815361023
  },
  "backbone.11": {
    "min": 0.0,
    "max": 1.5016528105735778
  },
  "backbone.12": {
    "min": 0.0,
    "max": 1.5016528105735778
  },
  "backbone.13": {
    "min": 0.0,
    "max": 1.4696809506416322
  },
  "backbone.15": {
    "min": 0.0,
    "max": 1.4696809506416322
  },
  "backbone.16": {
    "min": 0.0,
    "max": 1.5388673186302184
  },
  "backbone.17": {
    "min": 0.0,
    "max": 1.5388673186302184
  },
  "backbone.18": {
    "min": 0.0,
    "max": 5.932332401275635
  },
  "classifier": {
    "min": 0.0,
    "max": 4.178940682411194
  }
}