{
  "backbone.0": {
    "min": -4.876157112121582,
    "max": 3.68781925201416
  },
  "backbone.1": {
    "min": 0.0,
    "max": 3.68781925201416
  },
  "backbone.2": {
    "min": -3.7734170961380005,
    "max": 2.9664650678634645
  },
  "backbone.3": {
    "min": 0.0,
    "max": 2.9664650678634645
  },
  "backbone.5": {
    "min": -2.290816931724548,
    "max": 1.560349440574646
  },
  "backbone.6": {
    "min": 0.0,
    "max": 1.560349440574646
  },
  "backbone.7": {
    "min": -2.2629438757896425,
    "max": 1.8248757815361023
  },
  "backbone.8": {
    "min": 0.0,
    "max": 1.8248757815361023
  },
  "backbone.10": {
    "min": -1.5561195421218872,
    "max": 1.5016528105735778
  },
  "backbone.11": {
    "min": 0.0,
    "max": 1.5016528105735778
  },
  "backbone.12": {
    "min": -1.4576051926612854,
    "max": 1.4696809506416322
  },
  "backbone.13": {
    "min": 0.0,
    "max": 1.4696809506416322
  },
  "backbone.15": {
    "min": -1.3785596227645873,
    "max": 1.5388673186302184
  },
  "backbone.16": {
    "min": 0.0,
    "max": 1.5388673186302184
  },
  "backbone.17": {
    "min": -1.9643417763710023,
    "max": 5.932332401275635
  },
  "backbone.18": {
    "min": 0.0,
    "max": 5.932332401275635
  },
  "classifier": {
    "min": -7.420791606903077,
    "max": 26.30659324645996
  }
}