{"backbone.0": {"min": -4.884560203552246, "max": 3.665496492385864}, "backbone.1": {"min": 0.0, "max": 3.665496492385864}, "backbone.2": {"min": -3.7006414890289308, "max": 3.0577280044555666}, "backbone.3": {"min": 0.0, "max": 3.0577280044555666}, "backbone.5": {"min": -2.3256487250328064, "max": 1.577705442905426}, "backbone.6": {"min": 0.0, "max": 1.577705442905426}, "backbone.7": {"min": -2.200657570362091, "max": 1.887829852104187}, "backbone.8": {"min": 0.0, "max": 1.887829852104187}, "backbone.10": {"min": -1.5493967056274414, "max": 1.503954327106476}, "backbone.11": {"min": 0.0, "max": 1.503954327106476}, "backbone.12": {"min": -1.5593831300735475, "max": 1.4372578740119935}, "backbone.13": {"min": 0.0, "max": 1.4372578740119935}, "backbone.15": {"min": -1.3936174154281615, "max": 1.5954908013343811}, "backbone.16": {"min": 0.0, "max": 1.5954908013343811}, "backbone.17": {"min": -1.983062171936035, "max": 5.885761022567749}, "backbone.18": {"min": 0.0, "max": 5.885761022567749}, "classifier": {"min": -7.1905029296875, "max": 24.83450107574463}}