{"backbone.0": {"min": 0.0, "max": 1.0}, "backbone.1": {"min": 0.0, "max": 3.665496492385864}, "backbone.2": {"min": 0.0, "max": 3.665496492385864}, "backbone.3": {"min": 0.0, "max": 3.0577280044555666}, "backbone.5": {"min": 0.0, "max": 3.0577280044555666}, "backbone.6": {"min": 0.0, "max": 1.577705442905426}, "backbone.7": {"min": 0.0, "max": 1.577705442905426}, "backbone.8": {"min": 0.0, "max": 1.887829852104187}, "backbone.10": {"min": 0.0, "max": 1.887829852104187}, "backbone.11": {"min": 0.0, "max": 1.503954327106476}, "backbone.12": {"min": 0.0, "max": 1.503954327106476}, "backbone.13": {"min": 0.0, "max": 1.4372578740119935}, "backbone.15": {"min": 0.0, "max": 1.4372578740119935}, "backbone.16": {"min": 0.0, "max": 1.5954908013343811}, "backbone.17": {"min": 0.0, "max": 1.5954908013343811}, "backbone.18": {"min": 0.0, "max": 5.885761022567749}, "classifier": {"min": 0.0, "max": 4.050117373466492}}