{
  "backbone.conv0": {
    "min": -2.041911867948679,
    "max": 1.395539098061048
  },
  "backbone.relu0": {
    "min": 0.0,
    "max": 3.684612370454348
  },
  "backbone.conv1": {
    "min": -5.763613615280542,
    "max": 4.564987019086495
  },
  "backbone.relu1": {
    "min": 0.0,
    "max": 2.93415205906599
  },
  "backbone.conv2": {
    "min": -3.7350585689911475,
    "max": 2.6573764315018287
  },
  "backbone.relu2": {
    "min": 0.0,
    "max": 1.5545907119909923
  },
  "backbone.conv3": {
    "min": -2.2484134236971536,
    "max": 1.803601405559442
  },
  "backbone.relu3": {
    "min": 0.0,
    "max": 1.850339764967943
  },
  "backbone.conv4": {
    "min": -1.4644255905579298,
    "max": 1.3520838304972038
  },
  "backbone.relu4": {
    "min": 0.0,
    "max": 1.472837508488924
  },
  "backbone.conv5": {
    "min": -0.926786734507634,
    "max": 0.9768385103879831
  },
  "backbone.relu5": {
    "min": 0.0,
    "max": 1.4499375995917199
  },
  "backbone.conv6": {
    "min": -0.9580814120097038,
    "max": 1.1173961483515227
  },
  "backbone.relu6": {
    "min": 0.0,
    "max": 1.5180958257271693
  },
  "backbone.conv7": {
    "min": -0.5158530815671651,
    "max": 1.5726326413643665
  },
  "backbone.relu7": {
    "min": 0.0,
    "max": 5.828048027478731
  },
  "classifier": {
    "min": -7.456232624176221,
    "max": 26.066181133954952
  }
}