{
  "backbone.0": {
    "min": -0.4242129623889923,
    "max": 2.821486711502075
  },
  "backbone.1": {
    "min": 0.0,
    "max": 1.8127714061737061
  },
  "backbone.2": {
    "min": 0.0,
    "max": 1.8127714061737061
  },
  "backbone.3": {
    "min": 0.0,
    "max": 2.922297258377075
  },
  "backbone.5": {
    "min": 0.0,
    "max": 2.922297258377075
  },
  "backbone.6": {
    "min": 0.0,
    "max": 5.315814361572266
  },
  "backbone.7": {
    "min": 0.0,
    "max": 5.315814361572266
  },
  "backbone.8": {
    "min": 0.0,
    "max": 8.187026700973512
  },
  "backbone.10": {
    "min": 0.0,
    "max": 8.187026700973512
  },
  "backbone.11": {
    "min": 0.0,
    "max": 12.74096673965454
  },
  "backbone.12": {
    "min": 0.0,
    "max": 12.74096673965454
  },
  "backbone.13": {
    "min": 0.0,
    "max": 21.1593420791626
  },
  "backbone.15": {
    "min": 0.0,
    "max": 21.1593420791626
  },
  "backbone.16": {
    "min": 0.0,
    "max": 47.69639411926269
  },
  "backbone.17": {
    "min": 0.0,
    "max": 47.69639411926269
  },
  "backbone.18": {
    "min": 0.0,
    "max": 64.49745079040527
  },
  "classifier": {
    "min": 0.0,
    "max": 23.69255714416504
  }
}