{
  "backbone.0": {
    "min": -2.7971954202651976,
    "max": 1.8127714061737061
  },
  "backbone.1": {
    "min": 0.0,
    "max": 1.8127714061737061
  },
  "backbone.2": {
    "min": -6.523487386703491,
    "max": 2.922297258377075
  },
  "backbone.3": {
    "min": 0.0,
    "max": 2.922297258377075
  },
  "backbone.5": {
    "min": -8.74306365966797,
    "max": 5.315814361572266
  },
  "backbone.6": {
    "min": 0.0,
    "max": 5.315814361572266
  },
  "backbone.7": {
    "min": -13.497393684387207,
    "max": 8.187026700973512
  },
  "backbone.8": {
    "min": 0.0,
    "max": 8.187026700973512
  },
  "backbone.10": {
    "min": -26.10279186248779,
    "max": 12.74096673965454
  },
  "backbone.11": {
    "min": 0.0,
    "max": 12.74096673965454
  },
  "backbone.12": {
    "min": -31.187904396057128,
    "max": 21.1593420791626
  },
  "backbone.13": {
    "min": 0.0,
    "max": 21.1593420791626
  },
  "backbone.15": {
    "min": -52.457366104125974,
    "max": 47.69639411926269
  },
  "backbone.16": {
    "min": 0.0,
    "max": 47.69639411926269
  },
  "backbone.17": {
    "min": -50.87250900268555,
    "max": 64.49745079040527
  },
  "backbone.18": {
    "min": 0.0,
    "max": 64.49745079040527
  },
  "classifier": {
    "min": -36.71659969329834,
    "max": 44.37190055847168
  }
}